code	name	parent_code
1	全国	
1000	北京市	991000
1027	密云县	1000
1028	延庆县	1000
1100	天津市	991100
1121	宁河县	1100
1123	静海县	1100
1125	蓟　县	1100
1200	河北省	1
1210	石家庄市	1200
1211	井陉县	1210
1212	鹿泉市	1210
1213	正定县	1210
1214	栾城县	1210
1221	辛集市	1210
1222	晋州市	1210
1223	深泽县	1210
1224	无极县	1210
1225	藁城市	1210
1226	赵　县	1210
1227	新乐市	1210
1228	高邑县	1210
1229	元氏县	1210
1231	赞皇县	1210
1232	平山县	1210
1233	灵寿县	1210
1234	行唐县	1210
1240	唐山市	1200
1243	滦　县	1240
1244	滦南县	1240
1245	乐亭县	1240
1246	迁安市	1240
1247	迁西县	1240
1248	遵化市	1240
1249	玉田县	1240
1251	唐海县	1240
1260	秦皇岛市	1200
1261	青龙满族自治县	1260
1262	昌黎县	1260
1263	抚宁县	1260
1264	卢龙县	1260
1270	邯郸市	1200
1271	邯郸县	1270
1281	大名县	1270
1282	魏　县	1270
1283	曲周县	1270
1284	邱　县	1270
1285	鸡泽县	1270
1286	肥乡县	1270
1287	广平县	1270
1288	成安县	1270
1289	临漳县	1270
1291	磁　县	1270
1292	涉　县	1270
1293	永年县	1270
1294	馆陶县	1270
1295	武安市	1270
1310	邢台市	1200
1311	邢台县	1310
1321	南宫市	1310
1322	沙河市	1310
1323	临城县	1310
1324	内丘县	1310
1325	柏乡县	1310
1326	隆尧县	1310
1327	任　县	1310
1328	南和县	1310
1329	宁晋县	1310
1331	巨鹿县	1310
1332	新河县	1310
1333	广宗县	1310
1334	平乡县	1310
1335	威　县	1310
1336	清河县	1310
1337	临西县	1310
1340	保定市	1200
1341	满城县	1340
1342	清苑县	1340
1351	定州市	1340
1352	涿州市	1340
1353	易　县	1340
1354	徐水县	1340
1355	涞源县	1340
1356	定兴县	1340
1357	顺平县	1340
1358	唐　县	1340
1359	望都县	1340
1361	涞水县	1340
1362	高阳县	1340
1363	安新县	1340
1364	雄　县	1340
1365	容城县	1340
1366	高碑店市	1340
1367	曲阳县	1340
1368	阜平县	1340
1369	安国市	1340
1371	博野县	1340
1372	蠡　县	1340
1380	张家口市	1200
1381	宣化县	1380
1391	张北县	1380
1392	康保县	1380
1393	沽源县	1380
1394	尚义县	1380
1395	蔚　县	1380
1396	阳原县	1380
1397	怀安县	1380
1398	万全县	1380
1399	怀来县	1380
1401	涿鹿县	1380
1402	赤城县	1380
1403	崇礼县	1380
1410	承德市	1200
1411	承德县	1410
1421	宽城满族自治县	1410
1422	兴隆县	1410
1423	平泉县	1410
1424	滦平县	1410
1425	丰宁满族自治县	1410
1426	隆化县	1410
1427	围场满族蒙古族自治县	1410
1430	沧州市	1200
1431	沧　县	1430
1432	青　县	1430
1441	泊头市	1430
1442	任丘市	1430
1443	河间市	1430
1444	肃宁县	1430
1445	献　县	1430
1446	吴桥县	1430
1447	东光县	1430
1448	南皮县	1430
1449	盐山县	1430
1451	黄骅市	1430
1452	孟村回族自治县	1430
1453	海兴县	1430
1460	廊坊市	1200
1461	三河市	1460
1462	固安县	1460
1463	永清县	1460
1464	香河县	1460
1465	大城县	1460
1466	文安县	1460
1467	霸州市	1460
1468	大厂回族自治县	1460
1480	衡水市	1200
1482	冀州市	1480
1483	枣强县	1480
1484	武邑县	1480
1485	深州市	1480
1486	武强县	1480
1487	饶阳县	1480
1488	安平县	1480
1489	故城县	1480
1491	景　县	1480
1492	阜城县	1480
1600	山西省	1
1610	太原市	1600
1611	清徐县	1610
1612	阳曲县	1610
1613	娄烦县	1610
1614	古交市	1610
1620	大同市	1600
1631	阳高县	1620
1632	天镇县	1620
1633	广灵县	1620
1634	灵丘县	1620
1635	浑源县	1620
1637	左云县	1620
1639	大同县	1620
1650	阳泉市	1600
1651	平定县	1650
1652	盂　县	1650
1660	长治市	1600
1661	长治县	1660
1662	潞城市	1660
1663	襄垣县	1660
1664	屯留县	1660
1665	平顺县	1660
1666	黎城县	1660
1667	壶关县	1660
1668	长子县	1660
1669	武乡县	1660
1671	沁　县	1660
1672	沁源县	1660
1680	晋城市	1600
1681	沁水县	1680
1682	阳城县	1680
1683	高平市	1680
1684	陵川县	1680
1685	泽州县	1680
1690	朔州市	1600
1691	山阴县	1690
1692	应　县	1690
1693	右玉县	1690
1694	怀仁县	1690
1710	忻州市	1600
1712	定襄县	1710
1713	五台县	1710
1714	原平市	1710
1715	代　县	1710
1716	繁峙县	1710
1717	宁武县	1710
1718	静乐县	1710
1719	神池县	1710
1721	五寨县	1710
1722	岢岚县	1710
1723	河曲县	1710
1724	保德县	1710
1725	偏关县	1710
1730	吕梁市	1600
1731	汾阳市	1730
1732	文水县	1730
1733	交城县	1730
1734	孝义市	1730
1735	兴　县	1730
1736	临　县	1730
1737	柳林县	1730
1738	石楼县	1730
1739	岚　县	1730
1741	方山县	1730
1743	中阳县	1730
1744	交口县	1730
1750	晋中市	1600
1752	榆社县	1750
1753	左权县	1750
1754	和顺县	1750
1755	昔阳县	1750
1756	寿阳县	1750
1757	太谷县	1750
1758	祁　县	1750
1759	平遥县	1750
1761	介休市	1750
1762	灵石县	1750
1770	临汾市	1600
1772	侯马市	1770
1773	曲沃县	1770
1774	翼城县	1770
1775	襄汾县	1770
1776	洪洞县	1770
1777	霍州市	1770
1778	古　县	1770
1779	安泽县	1770
1781	浮山县	1770
1782	吉　县	1770
1783	乡宁县	1770
1784	蒲　县	1770
1785	大宁县	1770
1786	永和县	1770
1787	隰　县	1770
1788	汾西县	1770
1810	运城市	1600
1812	永济市	1810
1813	芮城县	1810
1814	临猗县	1810
1815	万荣县	1810
1816	新绛县	1810
1817	稷山县	1810
1818	河津市	1810
1819	闻喜县	1810
1821	夏　县	1810
1822	绛　县	1810
1823	平陆县	1810
1824	垣曲县	1810
1900	内蒙古自治区	1
1910	呼和浩特市	1900
1911	土默特左旗	1910
1912	托克托县	1910
1913	武川县	1910
1914	和林格尔县	1910
1915	清水河县	1910
1920	包头市	1900
1921	土默特右旗	1920
1922	固阳县	1920
1923	达尔罕茂明安联合旗	1920
1930	乌海市	1900
1940	赤峰市	1900
1941	阿鲁科尔沁旗	1940
1942	巴林左旗	1940
1943	巴林右旗	1940
1944	林西县	1940
1945	克什克腾旗	1940
1946	翁牛特旗	1940
1947	喀喇沁旗	1940
1948	宁城县	1940
1949	敖汉旗	1940
1960	呼伦贝尔市	1900
1962	满洲里市	1960
1963	扎兰屯市	1960
1964	牙克石市	1960
1965	阿荣旗	1960
1966	莫力达瓦达斡尔族自治旗	1960
1967	额尔古纳市	1960
1968	根河市	1960
1969	鄂伦春自治旗	1960
1971	鄂温克族自治旗	1960
1972	新巴尔虎右旗	1960
1973	新巴尔虎左旗	1960
1974	陈巴尔虎旗	1960
1980	兴安盟	1900
1981	乌兰浩特市	1980
1982	科尔沁右翼前旗	1980
1983	科尔沁右翼中旗	1980
1984	扎赉特旗	1980
1985	突泉县	1980
1986	阿尔山市	1980
1990	通辽市	1900
1992	霍林郭勒市	1990
1993	科尔沁左翼中旗	1990
1994	科尔沁左翼后旗	1990
1995	开鲁县	1990
1996	库伦旗	1990
1997	奈曼旗	1990
1998	扎鲁特旗	1990
2010	锡林郭勒盟	1900
2011	二连浩特市	2010
2012	锡林浩特市	2010
2013	阿巴嘎旗	2010
2014	苏尼特左旗	2010
2015	苏尼特右旗	2010
2016	东乌珠穆沁旗	2010
2017	西乌珠穆沁旗	2010
2018	太仆寺旗	2010
2019	镶黄旗	2010
2021	正镶白旗	2010
2022	正蓝旗	2010
2023	多伦县	2010
2030	乌兰察布市	1900
2035	卓资县	2030
2036	化德县	2030
2037	商都县	2030
2038	兴和县	2030
2039	丰镇市	2030
2041	凉城县	2030
2042	察哈尔右翼前旗	2030
2043	察哈尔右翼中旗	2030
2044	察哈尔右翼后旗	2030
2046	四子王旗	2030
2050	鄂尔多斯市	1900
2051	东胜区	2050
2052	达拉特旗	2050
2053	准格尔旗	2050
2054	鄂托克前旗	2050
2055	鄂托克旗	2050
2056	杭锦旗	2050
2057	乌审旗	2050
2058	伊金霍洛旗	2050
2070	巴彦淖尔市	1900
2072	五原县	2070
2073	磴口县	2070
2074	乌拉特前旗	2070
2075	乌拉特中旗	2070
2076	乌拉特后旗	2070
2077	杭锦后旗	2070
2080	阿拉善盟	1900
2081	阿拉善左旗	2080
2082	阿拉善右旗	2080
2083	额济纳旗	2080
2200	辽宁省	1
2210	沈阳市	2200
2211	新民市	2210
2212	辽中县	2210
2213	康平县	2210
2214	法库县	2210
2220	大连市	2200
2221	普兰店市	2220
2222	长海县	2220
2223	庄河市	2220
2224	瓦房店市	2220
2230	鞍山市	2200
2231	台安县	2230
2232	海城市	2230
2233	岫岩满族自治县	2230
2240	抚顺市	2200
2241	抚顺县	2240
2242	新宾满族自治县	2240
2243	清原满族自治县	2240
2250	本溪市	2200
2251	本溪满族自治县	2250
2252	桓仁满族自治县	2250
2260	丹东市	2200
2261	凤城市	2260
2263	东港市	2260
2264	宽甸满族自治县	2260
2270	锦州市	2200
2272	凌海市	2270
2273	北镇市	2270
2274	黑山县	2270
2275	义　县	2270
2280	营口市	2200
2281	大石桥市	2280
2282	盖州市	2280
2290	阜新市	2200
2291	阜新蒙古族自治县	2290
2292	彰武县	2290
2310	辽阳市	2200
2311	辽阳县	2310
2312	灯塔市	2310
2320	盘锦市	2200
2321	大洼县	2320
2322	盘山县	2320
2330	铁岭市	2200
2331	铁岭县	2330
2332	西丰县	2330
2333	昌图县	2330
2336	调兵山市	2330
2337	开原市	2330
2340	朝阳市	2200
2341	朝阳县	2340
2342	建平县	2340
2343	凌源市	2340
2344	喀喇沁左翼蒙古族自治县	2340
2346	北票市	2340
2360	葫芦岛市	2200
2361	绥中县	2360
2362	建昌县	2360
2363	兴城市	2360
2400	吉林省	1
2410	长春市	2400
2411	榆树市	2410
2412	农安县	2410
2413	德惠市	2410
2415	九台市	2410
2420	吉林市	2400
2421	永吉县	2420
2422	舒兰市	2420
2423	磐石市	2420
2424	蛟河市	2420
2425	桦甸市	2420
2430	四平市	2400
2431	梨树县	2430
2432	伊通满族自治县	2430
2433	双辽市	2430
2434	公主岭市	2430
2440	辽源市	2400
2441	东丰县	2440
2442	东辽县	2440
2450	通化市	2400
2451	通化县	2450
2452	辉南县	2450
2453	柳河县	2450
2454	梅河口市	2450
2455	集安市	2450
2460	白山市	2400
2461	抚松县	2460
2462	靖宇县	2460
2463	长白朝鲜族自治县	2460
2464	临江市	2460
2470	白城市	2400
2472	洮南市	2470
2474	大安市	2470
2477	镇赉县	2470
2478	通榆县	2470
2490	延边朝鲜族自治州	2400
2491	延吉市	2490
2492	图们市	2490
2493	敦化市	2490
2494	珲春市	2490
2495	龙井市	2490
2496	和龙市	2490
2497	汪清县	2490
2498	安图县	2490
2510	松原市	2400
2511	扶余县	2510
2512	长岭县	2510
2513	前郭尔罗斯蒙古族自治县	2510
2514	乾安县	2510
2600	黑龙江省	1
2610	哈尔滨市	2600
2613	依兰县	2610
2621	双城市	2610
2622	尚志市	2610
2623	宾　县	2610
2624	五常市	2610
2625	巴彦县	2610
2626	木兰县	2610
2627	通河县	2610
2628	方正县	2610
2629	延寿县	2610
2640	齐齐哈尔市	2600
2641	龙江县	2640
2642	讷河市	2640
2643	依安县	2640
2644	泰来县	2640
2645	甘南县	2640
2647	富裕县	2640
2649	克山县	2640
2651	克东县	2640
2652	拜泉县	2640
2660	鸡西市	2600
2661	鸡东县	2660
2662	虎林市	2660
2663	密山市	2660
2670	鹤岗市	2600
2671	萝北县	2670
2672	绥滨县	2670
2680	双鸭山市	2600
2681	集贤县	2680
2682	宝清县	2680
2683	饶河县	2680
2684	友谊县	2680
2690	大庆市	2600
2691	林甸县	2690
2692	杜尔伯特蒙古族自治县	2690
2693	肇源县	2690
2694	肇州县	2690
2710	伊春市	2600
2711	嘉荫县	2710
2712	铁力市	2710
2720	佳木斯市	2600
2721	桦南县	2720
2723	桦川县	2720
2725	汤原县	2720
2727	抚远县	2720
2729	同江市	2720
2731	富锦市	2720
2740	七台河市	2600
2741	勃利县	2740
2750	牡丹江市	2600
2751	宁安市	2750
2752	海林市	2750
2753	穆棱市	2750
2754	东宁县	2750
2755	林口县	2750
2757	绥芬河市	2750
2760	绥化市	2600
2762	安达市	2760
2763	肇东市	2760
2764	海伦市	2760
2765	望奎县	2760
2766	兰西县	2760
2767	青冈县	2760
2771	庆安县	2760
2772	明水县	2760
2773	绥棱县	2760
2780	黑河市	2600
2782	北安市	2780
2783	五大连池市	2780
2784	嫩江县	2780
2786	逊克县	2780
2787	孙吴县	2780
2790	大兴安岭地区	2600
2791	呼玛县	2790
2792	塔河县	2790
2793	漠河县	2790
2900	上海市	992900
2929	崇明县	2900
3000	江苏省	1
3010	南京市	3000
3014	溧水县	3010
3015	高淳县	3010
3020	无锡市	3000
3022	江阴市	3020
3023	宜兴市	3020
3030	徐州市	3000
3031	丰　县	3030
3032	沛　县	3030
3033	铜山县	3030
3034	睢宁县	3030
3035	邳州市	3030
3036	新沂市	3030
3040	常州市	3000
3041	武进区	3040
3042	金坛市	3040
3043	溧阳市	3040
3050	苏州市	3000
3051	太仓市	3050
3052	昆山市	3050
3054	吴江市	3050
3055	常熟市	3050
3056	张家港市	3050
3060	南通市	3000
3061	海安县	3060
3062	如皋市	3060
3063	如东县	3060
3065	海门市	3060
3066	启东市	3060
3070	连云港市	3000
3071	赣榆县	3070
3072	东海县	3070
3073	灌云县	3070
3074	灌南县	3070
3080	淮安市	3000
3085	涟水县	3080
3087	洪泽县	3080
3088	盱眙县	3080
3089	金湖县	3080
3110	盐城市	3000
3111	响水县	3110
3112	滨海县	3110
3113	阜宁县	3110
3114	射阳县	3110
3115	建湖县	3110
3116	大丰市	3110
3117	东台市	3110
3120	扬州市	3000
3121	高邮市	3120
3122	宝应县	3120
3125	江都市	3120
3129	仪征市	3120
3140	镇江市	3000
3142	句容市	3140
3143	扬中市	3140
3144	丹阳市	3140
3160	泰州市	3000
3161	兴化市	3160
3162	靖江市	3160
3163	泰兴市	3160
3164	姜堰市	3160
3180	宿迁市	3000
3181	沭阳县	3180
3182	泗阳县	3180
3183	泗洪县	3180
3300	浙江省	1
3310	杭州市	3300
3311	桐庐县	3310
3312	富阳市	3310
3313	临安市	3310
3315	建德市	3310
3316	淳安县	3310
3321	象山县	3320
3322	宁海县	3320
3323	鄞州区	3320
3324	余姚市	3320
3325	慈溪市	3320
3326	奉化市	3320
3330	温州市	3300
3332	洞头县	3330
3333	乐清市	3330
3334	永嘉县	3330
3335	平阳县	3330
3336	苍南县	3330
3337	文成县	3330
3338	泰顺县	3330
3339	瑞安市	3330
3350	嘉兴市	3300
3351	嘉善县	3350
3352	平湖市	3350
3353	海盐县	3350
3354	桐乡市	3350
3355	海宁市	3350
3360	湖州市	3300
3361	德清县	3360
3362	长兴县	3360
3363	安吉县	3360
3370	绍兴市	3300
3371	绍兴县	3370
3372	上虞市	3370
3373	嵊州市	3370
3374	新昌县	3370
3375	诸暨市	3370
3380	金华市	3300
3382	永康市	3380
3383	武义县	3380
3384	浦江县	3380
3385	磐安县	3380
3386	兰溪市	3380
3387	义乌市	3380
3388	东阳市	3380
3410	衢州市	3300
3412	常山县	3410
3413	开化县	3410
3414	龙游县	3410
3415	江山市	3410
3420	舟山市	3300
3421	岱山县	3420
3422	嵊泗县	3420
3430	丽水市	3300
3432	青田县	3430
3433	云和县	3430
3434	庆元县	3430
3435	缙云县	3430
3436	遂昌县	3430
3437	松阳县	3430
3438	景宁畲族自治县	3430
3439	龙泉市	3430
3450	台州市	3300
3451	椒江区	3450
3452	临海市	3450
3454	温岭市	3450
3455	仙居县	3450
3456	天台县	3450
3457	三门县	3450
3458	玉环县	3450
3600	安徽省	1
3610	合肥市	3600
3611	长丰县	3610
3612	肥东县	3610
3613	肥西县	3610
3620	芜湖市	3600
3621	芜湖县	3620
3622	繁昌县	3620
3623	南陵县	3620
3630	蚌埠市	3600
3631	怀远县	3630
3632	五河县	3630
3633	固镇县	3630
3640	淮南市	3600
3641	凤台县	3640
3650	马鞍山市	3600
3651	当涂县	3650
3660	淮北市	3600
3661	濉溪县	3660
3670	铜陵市	3600
3671	铜陵县	3670
3680	安庆市	3600
3681	桐城市	3680
3682	怀宁县	3680
3683	枞阳县	3680
3684	潜山县	3680
3685	太湖县	3680
3686	宿松县	3680
3687	望江县	3680
3688	岳西县	3680
3710	黄山市	3600
3711	歙　县	3710
3712	休宁县	3710
3713	黟　县	3710
3714	祁门县	3710
3720	阜阳市	3600
3724	临泉县	3720
3725	太和县	3720
3728	阜南县	3720
3729	颍上县	3720
3731	界首市	3720
3740	宿州市	3600
3742	砀山县	3740
3743	萧　县	3740
3745	灵璧县	3740
3746	泗　县	3740
3750	滁州市	3600
3752	天长市	3750
3753	来安县	3750
3754	全椒县	3750
3755	定远县	3750
3756	凤阳县	3750
3757	明光市	3750
3760	六安市	3600
3763	寿　县	3760
3764	霍邱县	3760
3765	舒城县	3760
3766	金寨县	3760
3767	霍山县	3760
3770	宣城市	3600
3772	郎溪县	3770
3773	广德县	3770
3774	宁国市	3770
3775	泾　县	3770
3776	旌德县	3770
3777	绩溪县	3770
3780	巢湖市	3600
3782	庐江县	3780
3783	无为县	3780
3784	含山县	3780
3785	和　县	3780
3790	池州市	3600
3792	东至县	3790
3793	石台县	3790
3794	青阳县	3790
3810	亳州市	3600
3811	涡阳县	3810
3812	蒙城县	3810
3813	利辛县	3810
3900	福建省	1
3910	福州市	3900
3911	闽侯县	3910
3912	连江县	3910
3913	罗源县	3910
3914	闽清县	3910
3915	永泰县	3910
3916	长乐市	3910
3917	福清市	3910
3918	平潭县	3910
3930	厦门市	3900
3940	莆田市	3900
3942	仙游县	3940
3950	三明市	3900
3951	明溪县	3950
3952	清流县	3950
3953	宁化县	3950
3954	大田县	3950
3955	尤溪县	3950
3956	沙　县	3950
3957	将乐县	3950
3958	泰宁县	3950
3959	建宁县	3950
3961	永安市	3950
3970	泉州市	3900
3971	惠安县	3970
3972	晋江市	3970
3973	南安市	3970
3974	安溪县	3970
3975	永春县	3970
3976	德化县	3970
3977	金门县	3970
3978	石狮市	3970
3990	漳州市	3900
3991	龙海市	3990
3992	云霄县	3990
3993	漳浦县	3990
3994	诏安县	3990
3995	长泰县	3990
3996	东山县	3990
3997	南靖县	3990
3998	平和县	3990
3999	华安县	3990
4010	南平市	3900
4012	邵武市	4010
4013	顺昌县	4010
4014	建阳市	4010
4015	建瓯市	4010
4016	浦城县	4010
4017	武夷山市	4010
4018	光泽县	4010
4019	松溪县	4010
4021	政和县	4010
4030	宁德市	3900
4032	福鼎市	4030
4033	霞浦县	4030
4034	福安市	4030
4035	古田县	4030
4036	屏南县	4030
4037	寿宁县	4030
4038	周宁县	4030
4039	柘荣县	4030
4050	龙岩市	3900
4052	长汀县	4050
4053	永定县	4050
4054	上杭县	4050
4055	武平县	4050
4056	漳平市	4050
4057	连城县	4050
4200	江西省	1
4210	南昌市	4200
4211	南昌县	4210
4212	新建县	4210
4213	安义县	4210
4214	进贤县	4210
4220	景德镇市	4200
4221	乐平市	4220
4222	浮梁县	4220
4230	萍乡市	4200
4231	莲花县	4230
4232	上栗县	4230
4233	芦溪县	4230
4240	九江市	4200
4241	九江县	4240
4242	瑞昌市	4240
4243	武宁县	4240
4244	修水县	4240
4245	永修县	4240
4246	德安县	4240
4247	星子县	4240
4248	都昌县	4240
4249	湖口县	4240
4251	彭泽县	4240
4260	新余市	4200
4261	分宜县	4260
4270	鹰潭市	4200
4271	贵溪市	4270
4272	余江县	4270
4280	赣州市	4200
4282	赣　县	4280
4283	南康市	4280
4284	信丰县	4280
4285	大余县	4280
4286	上犹县	4280
4287	崇义县	4280
4288	安远县	4280
4289	龙南县	4280
4291	定南县	4280
4292	全南县	4280
4293	宁都县	4280
4294	于都县	4280
4295	兴国县	4280
4296	瑞金市	4280
4297	会昌县	4280
4298	寻乌县	4280
4299	石城县	4280
4310	宜春市	4200
4312	丰城市	4310
4313	樟树市	4310
4314	高安市	4310
4315	奉新县	4310
4316	万载县	4310
4317	上高县	4310
4318	宜丰县	4310
4319	靖安县	4310
4321	铜鼓县	4310
4330	上饶市	4200
4332	上饶县	4330
4333	广丰县	4330
4334	玉山县	4330
4335	铅山县	4330
4336	横峰县	4330
4337	弋阳县	4330
4338	余干县	4330
4339	鄱阳县	4330
4341	万年县	4330
4342	德兴市	4330
4343	婺源县	4330
4350	吉安市	4200
4352	井冈山市	4350
4353	吉安县	4350
4354	吉水县	4350
4355	峡江县	4350
4356	新干县	4350
4357	永丰县	4350
4358	泰和县	4350
4359	遂川县	4350
4361	万安县	4350
4362	安福县	4350
4363	永新县	4350
4370	抚州市	4200
4372	南城县	4370
4373	黎川县	4370
4374	南丰县	4370
4375	崇仁县	4370
4376	乐安县	4370
4377	宜黄县	4370
4378	金溪县	4370
4379	资溪县	4370
4381	东乡县	4370
4382	广昌县	4370
4500	山东省	1
4510	济南市	4500
4511	章丘市	4510
4513	平阴县	4510
4514	济阳县	4510
4515	商河县	4510
4520	青岛市	4500
4521	即墨市	4520
4522	胶南市	4520
4523	莱西市	4520
4524	平度市	4520
4525	胶州市	4520
4530	淄博市	4500
4531	桓台县	4530
4532	高青县	4530
4533	沂源县	4530
4540	枣庄市	4500
4541	滕州市	4540
4550	东营市	4500
4551	垦利县	4550
4552	利津县	4550
4553	广饶县	4550
4560	烟台市	4500
4561	蓬莱市	4560
4562	招远市	4560
4563	栖霞市	4560
4564	海阳市	4560
4566	长岛县	4560
4567	龙口市	4560
4568	莱阳市	4560
4569	莱州市	4560
4580	潍坊市	4500
4581	安丘市	4580
4582	寿光市	4580
4583	临朐县	4580
4584	昌乐县	4580
4585	昌邑市	4580
4586	高密市	4580
4588	青州市	4580
4589	诸城市	4580
4610	济宁市	4500
4611	兖州市	4610
4612	邹城市	4610
4613	微山县	4610
4614	鱼台县	4610
4615	金乡县	4610
4616	嘉祥县	4610
4617	汶上县	4610
4618	泗水县	4610
4619	曲阜市	4610
4621	梁山县	4610
4630	泰安市	4500
4631	宁阳县	4630
4632	肥城市	4630
4633	东平县	4630
4635	新泰市	4630
4650	威海市	4500
4651	乳山市	4650
4652	文登市	4650
4653	荣成市	4650
4660	滨州市	4500
4662	惠民县	4660
4663	阳信县	4660
4664	无棣县	4660
4665	沾化县	4660
4666	博兴县	4660
4667	邹平县	4660
4680	德州市	4500
4682	乐陵市	4680
4683	陵　县	4680
4684	平原县	4680
4685	夏津县	4680
4686	武城县	4680
4687	齐河县	4680
4688	禹城市	4680
4689	临邑县	4680
4693	宁津县	4680
4694	庆云县	4680
4710	聊城市	4500
4712	临清市	4710
4713	阳谷县	4710
4714	莘　县	4710
4715	茌平县	4710
4716	东阿县	4710
4717	冠　县	4710
4718	高唐县	4710
4730	临沂市	4500
4733	郯城县	4730
4734	苍山县	4730
4735	莒南县	4730
4737	沂水县	4730
4739	蒙阴县	4730
4741	平邑县	4730
4742	费　县	4730
4743	沂南县	4730
4744	临沭县	4730
4750	菏泽市	4500
4752	曹　县	4750
4753	定陶县	4750
4754	成武县	4750
4755	单　县	4750
4756	巨野县	4750
4758	郓城县	4750
4759	鄄城县	4750
4761	东明县	4750
4770	日照市	4500
4771	五莲县	4770
4772	莒　县	4770
4790	莱芜市	4500
4900	河南省	1
4910	郑州市	4900
4911	荥阳市	4910
4912	中牟县	4910
4913	新郑市	4910
4914	巩义市	4910
4915	登封市	4910
4916	新密市	4910
4920	开封市	4900
4921	杞　县	4920
4922	通许县	4920
4923	尉氏县	4920
4924	开封县	4920
4925	兰考县	4920
4930	洛阳市	4900
4931	偃师市	4930
4932	孟津县	4930
4933	新安县	4930
4934	栾川县	4930
4935	嵩　县	4930
4936	汝阳县	4930
4937	宜阳县	4930
4938	洛宁县	4930
4939	伊川县	4930
4950	平顶山市	4900
4951	宝丰县	4950
4952	叶　县	4950
4953	鲁山县	4950
4954	郏　县	4950
4956	汝州市	4950
4957	舞钢市	4950
4960	安阳市	4900
4961	林州市	4960
4962	安阳县	4960
4963	汤阴县	4960
4964	滑　县	4960
4965	内黄县	4960
4970	鹤壁市	4900
4971	浚　县	4970
4972	淇　县	4970
4980	新乡市	4900
4981	新乡县	4980
4982	获嘉县	4980
4983	原阳县	4980
4984	延津县	4980
4985	封丘县	4980
4986	长垣县	4980
4987	卫辉市	4980
4988	辉县市	4980
5010	焦作市	4900
5011	修武县	5010
5012	博爱县	5010
5013	武陟县	5010
5014	沁阳市	5010
5015	温　县	5010
5016	孟州市	5010
5017	济源市（省直辖）	5010
5020	濮阳市	4900
5021	清丰县	5020
5022	南乐县	5020
5023	范　县	5020
5024	台前县	5020
5025	濮阳县	5020
5030	许昌市	4900
5031	长葛市	5030
5032	许昌县	5030
5033	鄢陵县	5030
5034	禹州市	5030
5035	襄城县	5030
5040	漯河市	4900
5041	舞阳县	5040
5042	临颍县	5040
5050	三门峡市	4900
5051	渑池县	5050
5052	陕　县	5050
5053	灵宝市	5050
5054	卢氏县	5050
5055	义马市	5050
5060	商丘市	4900
5062	虞城县	5060
5064	民权县	5060
5065	宁陵县	5060
5066	睢　县	5060
5067	夏邑县	5060
5068	柘城县	5060
5069	永城市	5060
5080	周口市	4900
5082	扶沟县	5080
5083	西华县	5080
5084	商水县	5080
5085	太康县	5080
5086	鹿邑县	5080
5087	郸城县	5080
5088	淮阳县	5080
5089	沈丘县	5080
5091	项城市	5080
5110	驻马店市	4900
5112	确山县	5110
5113	泌阳县	5110
5114	遂平县	5110
5115	西平县	5110
5116	上蔡县	5110
5117	汝南县	5110
5118	平舆县	5110
5119	新蔡县	5110
5121	正阳县	5110
5130	南阳市	4900
5132	邓州市	5130
5133	南召县	5130
5134	方城县	5130
5135	西峡县	5130
5137	镇平县	5130
5138	内乡县	5130
5139	淅川县	5130
5141	社旗县	5130
5142	唐河县	5130
5143	新野县	5130
5144	桐柏县	5130
5150	信阳市	4900
5152	息　县	5150
5153	淮滨县	5150
5155	潢川县	5150
5156	光山县	5150
5157	固始县	5150
5158	商城县	5150
5159	罗山县	5150
5161	新　县	5150
5200	湖北省	1
5210	武汉市	5200
5220	黄石市	5200
5221	大冶市	5220
5222	阳新县	5220
5230	十堰市	5200
5231	郧　县	5230
5232	郧西县	5230
5233	竹山县	5230
5234	竹溪县	5230
5235	房　县	5230
5236	丹江口市	5230
5250	宜昌市	5200
5251	宜都市	5250
5262	当阳市	5250
5264	枝江市	5250
5265	远安县	5250
5266	兴山县	5250
5267	秭归县	5250
5268	长阳土家族自治县	5250
5269	五峰土家族自治县	5250
5270	随州市	5200
5271	广水市	5270
5272	随县	5270
5280	襄樊市	5200
5282	宜城市	5280
5283	南漳县	5280
5284	谷城县	5280
5285	保康县	5280
5287	老河口市	5280
5288	枣阳市	5280
5310	鄂州市	5200
5311	神农架林区（省直辖）	5310
5320	荆门市	5200
5321	京山县	5320
5322	沙洋县	5320
5323	钟祥市	5320
5330	黄冈市	5200
5331	麻城市	5330
5332	武穴市	5330
5333	团风县	5330
5334	红安县	5330
5335	罗田县	5330
5336	英山县	5330
5337	浠水县	5330
5338	蕲春县	5330
5339	黄梅县	5330
5350	孝感市	5200
5351	孝昌县	5350
5352	应城市	5350
5353	安陆市	5350
5355	大悟县	5350
5356	云梦县	5350
5357	汉川市	5350
5360	咸宁市	5200
5363	嘉鱼县	5360
5364	通城县	5360
5365	崇阳县	5360
5366	通山县	5360
5367	赤壁市	5360
5370	荆州市	5200
5371	仙桃市（省直辖）	5370
5372	石首市	5370
5373	洪湖市	5370
5374	天门市（省直辖）	5370
5375	潜江市（省直辖）	5370
5376	江陵县	5370
5377	松滋市	5370
5378	公安县	5370
5379	监利县	5370
5410	恩施土家族苗族自治州	5200
5411	恩施市	5410
5412	利川市	5410
5413	建始县	5410
5414	巴东县	5410
5415	宣恩县	5410
5416	咸丰县	5410
5417	来凤县	5410
5418	鹤峰县	5410
5500	湖南省	1
5510	长沙市	5500
5511	长沙县	5510
5512	岳麓区	5510
5513	浏阳市	5510
5514	宁乡县	5510
5520	株洲市	5500
5521	株洲县	5520
5522	攸　县	5520
5523	茶陵县	5520
5524	炎陵县	5520
5525	醴陵市	5520
5530	湘潭市	5500
5531	湘潭县	5530
5532	湘乡市	5530
5533	韶山市	5530
5540	衡阳市	5500
5541	衡阳县	5540
5542	衡南县	5540
5543	衡山县	5540
5544	衡东县	5540
5545	常宁市	5540
5546	祁东县	5540
5547	耒阳市	5540
5550	邵阳市	5500
5551	邵东县	5550
5552	新邵县	5550
5553	邵阳县	5550
5554	隆回县	5550
5555	洞口县	5550
5556	武冈市	5550
5557	绥宁县	5550
5558	新宁县	5550
5559	城步苗族自治县	5550
5570	岳阳市	5500
5571	岳阳县	5570
5572	临湘市	5570
5573	华容县	5570
5574	湘阴县	5570
5575	平江县	5570
5576	汨罗市	5570
5580	常德市	5500
5581	安乡县	5580
5582	汉寿县	5580
5583	澧　县	5580
5584	临澧县	5580
5585	桃源县	5580
5586	石门县	5580
5587	津市市	5580
5590	张家界市	5500
5591	慈利县	5590
5592	桑植县	5590
5610	益阳市	5500
5612	沅江市	5610
5614	南　县	5610
5615	桃江县	5610
5616	安化县	5610
5620	娄底市	5500
5622	冷水江市	5620
5623	涟源市	5620
5624	双峰县	5620
5625	新化县	5620
5630	郴州市	5500
5632	资兴市	5630
5634	桂阳县	5630
5635	永兴县	5630
5636	宜章县	5630
5637	嘉禾县	5630
5638	临武县	5630
5639	汝城县	5630
5641	桂东县	5630
5642	安仁县	5630
5650	永州市	5500
5653	东安县	5650
5654	道　县	5650
5655	宁远县	5650
5656	江永县	5650
5657	江华瑶族自治县	5650
5658	蓝山县	5650
5659	新田县	5650
5661	双牌县	5650
5662	祁阳县	5650
5670	怀化市	5500
5672	洪江市	5670
5674	沅陵县	5670
5675	辰溪县	5670
5676	溆浦县	5670
5677	麻阳苗族自治县	5670
5678	新晃侗族自治县	5670
5679	芷江侗族自治县	5670
5681	会同县	5670
5682	靖州苗族侗族自治县	5670
5683	通道侗族自治县	5670
5684	中方县	5670
5690	湘西土家族苗族自治州	5500
5691	吉首市	5690
5692	泸溪县	5690
5693	凤凰县	5690
5694	花垣县	5690
5695	保靖县	5690
5696	古丈县	5690
5697	永顺县	5690
5698	龙山县	5690
5800	广东省	1
5810	广州市	5800
5812	从化市	5810
5813	增城市	5810
5820	韶关市	5800
5822	始兴县	5820
5823	南雄市	5820
5824	仁化县	5820
5825	乐昌市	5820
5826	翁源县	5820
5827	乳源瑶族自治县	5820
5828	新丰县	5820
5840	深圳市	5800
5850	珠海市	5800
5860	汕头市	5800
5863	南澳县	5860
5880	佛山市	5800
5881	三水区	5880
5882	南海区	5880
5883	顺德区	5880
5890	江门市	5800
5892	台山市	5890
5893	恩平市	5890
5894	开平市	5890
5895	鹤山市	5890
5910	湛江市	5800
5911	吴川市	5910
5912	廉江市	5910
5913	遂溪县	5910
5914	雷州市	5910
5915	徐闻县	5910
5920	茂名市	5800
5921	信宜市	5920
5922	高州市	5920
5923	电白县	5920
5924	化州市	5920
5930	肇庆市	5800
5931	高要市	5930
5932	四会市	5930
5933	广宁县	5930
5934	怀集县	5930
5935	封开县	5930
5936	德庆县	5930
5950	惠州市	5800
5952	博罗县	5950
5953	惠东县	5950
5954	龙门县	5950
5960	梅州市	5800
5961	梅　县	5960
5962	大埔县	5960
5963	丰顺县	5960
5964	五华县	5960
5965	兴宁市	5960
5966	平远县	5960
5967	蕉岭县	5960
5970	汕尾市	5800
5971	海丰县	5970
5972	陆丰市	5970
5973	陆河县	5970
5980	河源市	5800
5981	紫金县	5980
5982	龙川县	5980
5983	连平县	5980
5984	和平县	5980
5985	东源县	5980
5990	阳江市	5800
5991	阳西县	5990
5992	阳春市	5990
5993	阳东县	5990
6010	清远市	5800
6011	佛冈县	6010
6012	英德市	6010
6013	阳山县	6010
6014	连州市	6010
6015	连山壮族瑶族自治县	6010
6016	连南瑶族自治县	6010
6017	清新县	6010
6020	东莞市	5800
6030	中山市	5800
6040	潮州市	5800
6041	潮安县	6040
6042	饶平县	6040
6050	揭阳市	5800
6051	揭东县	6050
6052	揭西县	6050
6053	惠来县	6050
6054	普宁市	6050
6060	云浮市	5800
6061	新兴县	6060
6062	郁南县	6060
6063	云安县	6060
6064	罗定市	6060
6100	广西自治区	1
6110	南宁市	6100
6112	武鸣县	6110
6122	横　县	6110
6123	宾阳县	6110
6124	上林县	6110
6125	隆安县	6110
6126	马山县	6110
6140	柳州市	6100
6141	柳江县	6140
6142	柳城县	6140
6152	鹿寨县	6140
6156	融安县	6140
6157	三江侗族自治县	6140
6158	融水苗族自治县	6140
6170	桂林市	6100
6171	阳朔县	6170
6172	临桂县	6170
6181	灵川县	6170
6182	全州县	6170
6183	兴安县	6170
6184	永福县	6170
6185	灌阳县	6170
6186	龙胜各族自治县	6170
6187	资源县	6170
6188	平乐县	6170
6189	荔蒲县	6170
6191	恭城瑶族自治县	6170
6210	梧州市	6100
6211	苍梧县	6210
6221	岑溪市	6210
6222	藤　县	6210
6224	蒙山县	6210
6230	北海市	6100
6231	合浦县	6230
6240	玉林市	6100
6245	容　县	6240
6246	北流市	6240
6247	陆川县	6240
6248	博白县	6240
6249	兴业县	6240
6260	百色市	6100
6262	田阳县	6260
6263	田东县	6260
6264	平果县	6260
6265	德保县	6260
6266	靖西县	6260
6267	那坡县	6260
6268	凌云县	6260
6269	乐业县	6260
6271	田林县	6260
6272	隆林各族自治县	6260
6273	西林县	6260
6280	河池市	6100
6282	宜州市	6280
6283	罗城仫佬族自治县	6280
6284	环江毛南族自治县	6280
6285	南丹县	6280
6286	天峨县	6280
6287	凤山县	6280
6288	东兰县	6280
6289	巴马瑶族自治县	6280
6291	都安瑶族自治县	6280
6292	大化瑶族自治县	6280
6310	钦州市	6100
6314	灵山县	6310
6315	浦北县	6310
6320	防城港市	6100
6321	上思县	6320
6322	东兴市	6320
6330	贵港市	6100
6331	平南县	6330
6332	桂平市	6330
6340	贺州市	6100
6341	昭平县	6340
6342	钟山县	6340
6343	富川瑶族自治县	6340
6350	来宾市	6100
6351	忻城县	6350
6352	象州县	6350
6353	武宣县	6350
6354	金秀瑶族自治县	6350
6355	合山市	6350
6360	崇左市	6100
6361	扶绥县	6360
6362	宁明县	6360
6363	龙州县	6360
6364	大新县	6360
6365	天等县	6360
6366	凭祥市	6360
6400	海南省	1
6410	海口市	6400
6420	三亚市	6400
6421	五指山市	6420
6423	文昌市	6420
6424	琼海市	6420
6425	万宁市	6420
6426	定安县	6420
6427	屯昌县	6420
6428	澄迈县	6420
6429	临高县	6420
6431	儋州市	6420
6432	白沙黎族自治县	6420
6433	昌江黎族自治县	6420
6434	东方市（省直辖）	6420
6435	乐东黎族自治县（省直辖）	6420
6436	陵水黎族自治县（省直辖）	6420
6437	保亭黎族苗族自治县（省直辖）	6420
6438	琼中黎族苗族自治县（省直辖）	6420
6439	西沙群岛	6420
6441	南沙群岛	6420
6442	中沙群岛的岛礁及其海域	6420
6500	四川省	1
6510	成都市	6500
6511	金堂县	6510
6512	双流县	6510
6514	郫　县	6510
6516	彭州市	6510
6517	崇州市	6510
6518	大邑县	6510
6519	邛崃市	6510
6521	蒲江县	6510
6522	新津县	6510
6523	都江堰市	6510
6550	自贡市	6500
6551	荣　县	6550
6552	富顺县	6550
6560	攀枝花市	6500
6561	米易县	6560
6562	盐边县	6560
6570	泸州市	6500
6571	泸　县	6570
6572	合江县	6570
6574	叙永县	6570
6575	古蔺县	6570
6580	德阳市	6500
6581	绵竹市	6580
6582	中江县	6580
6583	什邡市	6580
6584	广汉市	6580
6585	罗江县	6580
6590	绵阳市	6500
6591	三台县	6590
6592	盐亭县	6590
6593	安　县	6590
6594	梓潼县	6590
6595	北川羌族自治县	6590
6596	平武县	6590
6597	江油市	6590
6610	广元市	6500
6611	旺苍县	6610
6612	青川县	6610
6613	剑阁县	6610
6614	苍溪县	6610
6620	遂宁市	6500
6621	蓬溪县	6620
6622	射洪县	6620
6623	大英县	6620
6630	内江市	6500
6634	威远县	6630
6635	资中县	6630
6638	隆昌县	6630
6650	乐山市	6500
6653	犍为县	6650
6654	井研县	6650
6655	夹江县	6650
6658	沐川县	6650
6662	峨边彝族自治县	6650
6663	马边彝族自治县	6650
6664	峨眉山市	6650
6670	眉山市	6500
6671	仁寿县	6670
6672	彭山县	6670
6673	洪雅县	6670
6674	丹棱县	6670
6675	青神县	6670
6690	广安市	6500
6691	岳池县	6690
6692	武胜县	6690
6693	邻水县	6690
6694	华蓥市	6690
6710	宜宾市	6500
6712	宜宾县	6710
6713	南溪县	6710
6714	江安县	6710
6715	长宁县	6710
6716	高　县	6710
6717	筠连县	6710
6718	珙　县	6710
6719	兴文县	6710
6721	屏山县	6710
6730	南充市	6500
6734	南部县	6730
6736	营山县	6730
6738	蓬安县	6730
6739	仪陇县	6730
6742	西充县	6730
6743	阆中市	6730
6750	达州市	6500
6752	达　县	6750
6753	宣汉县	6750
6754	开江县	6750
6755	万源市	6750
6761	大竹县	6750
6762	渠　县	6750
6770	雅安市	6500
6772	名山县	6770
6773	荥经县	6770
6774	汉源县	6770
6775	石棉县	6770
6776	天全县	6770
6777	芦山县	6770
6778	宝兴县	6770
6790	阿坝藏族羌族自治州	6500
6791	汶川县	6790
6792	理　县	6790
6793	茂　县	6790
6794	松潘县	6790
6795	九寨沟县	6790
6796	金川县	6790
6797	小金县	6790
6798	黑水县	6790
6799	马尔康县	6790
6801	壤塘县	6790
6802	阿坝县	6790
6803	若尔盖县	6790
6804	红原县	6790
6810	甘孜藏族自治州	6500
6811	康定县	6810
6812	泸定县	6810
6813	丹巴县	6810
6814	九龙县	6810
6815	雅江县	6810
6816	道孚县	6810
6817	炉霍县	6810
6818	甘孜县	6810
6819	新龙县	6810
6821	德格县	6810
6822	白玉县	6810
6823	石渠县	6810
6824	色达县	6810
6825	理塘县	6810
6826	巴塘县	6810
6827	乡城县	6810
6828	稻城县	6810
6829	得荣县	6810
6840	凉山彝族自治州	6500
6841	西昌市	6840
6842	木里藏族自治县	6840
6843	盐源县	6840
6844	德昌县	6840
6845	会理县	6840
6846	会东县	6840
6847	宁南县	6840
6848	普格县	6840
6849	布拖县	6840
6851	金阳县	6840
6852	昭觉县	6840
6853	喜德县	6840
6854	冕宁县	6840
6855	越西县	6840
6856	甘洛县	6840
6857	美姑县	6840
6858	雷波县	6840
6870	巴中市	6500
6871	通江县	6870
6872	南江县	6870
6873	平昌县	6870
6880	资阳市	6500
6881	安岳县	6880
6882	乐至县	6880
6883	简阳市	6880
6900	重庆市	996900
6901	大足区	6900
6902	合川区	6900
6903	万州区	6900
6904	涪陵区	6900
6905	渝中区	6900
6906	九龙坡区	6900
6907	南岸区	6900
6908	北碚区	6900
6909	綦江区	6900
6911	渝北区	6900
6912	巴南区	6900
6913	黔江区	6900
6914	潼南区	6900
6915	铜梁区	6900
6916	长寿区	6900
6917	江津区	6900
6918	荣昌区	6900
6919	璧山区	6900
6921	梁平县	6900
6922	城口县	6900
6923	丰都县	6900
6924	垫江县	6900
6925	武隆县	6900
6926	忠　县	6900
6927	开　县	6900
6928	云阳县	6900
6929	奉节县	6900
6931	巫山县	6900
6932	巫溪县	6900
6933	石柱土家族自治县	6900
6934	秀山土家族苗族自治县	6900
6935	酉阳土家族苗族自治县	6900
6936	彭水苗族土家族自治县	6900
6937	沙坪坝区	6900
6938	江北区	6900
6939	大渡口区	6900
6941	永川区	6900
6942	南川区	6900
7000	贵州省	1
7010	贵阳市	7000
7011	开阳县	7010
7012	息烽县	7010
7013	修文县	7010
7014	清镇市	7010
7020	六盘水市	7000
7021	水城县	7020
7022	盘　县	7020
7030	遵义市	7000
7032	遵义县	7030
7033	桐梓县	7030
7034	绥阳县	7030
7035	正安县	7030
7036	道真仡佬族苗族自治县	7030
7037	务川仡佬族苗族自治县	7030
7038	凤冈县	7030
7039	湄潭县	7030
7041	余庆县	7030
7042	仁怀市	7030
7043	赤水市	7030
7044	习水县	7030
7050	铜仁地区	7000
7051	铜仁市	7050
7052	江口县	7050
7053	玉屏侗族自治县	7050
7054	石阡县	7050
7055	思南县	7050
7056	印江土家族苗族自治县	7050
7057	德江县	7050
7058	沿河土家族自治县	7050
7059	松桃苗族自治县	7050
7061	万山特区	7050
7070	黔西南布依族苗族自治州	7000
7071	兴义市	7070
7072	兴仁县	7070
7073	普安县	7070
7074	晴隆县	7070
7075	贞丰县	7070
7076	望谟县	7070
7077	册亨县	7070
7078	安龙县	7070
7090	毕节地区	7000
7091	毕节市	7090
7092	大方县	7090
7093	黔西县	7090
7094	金沙县	7090
7095	织金县	7090
7096	纳雍县	7090
7097	威宁彝族回族苗族自治县	7090
7098	赫章县	7090
7110	安顺市	7000
7117	平坝县	7110
7118	普定县	7110
7119	关岭布依族苗族自治县	7110
7121	镇宁布依族苗族自治县	7110
7122	紫云苗族布依族自治县	7110
7130	黔东南苗族侗族自治州	7000
7131	凯里市	7130
7132	黄平县	7130
7133	施秉县	7130
7134	三穗县	7130
7135	镇远县	7130
7136	岑巩县	7130
7137	天柱县	7130
7138	锦屏县	7130
7139	剑河县	7130
7141	台江县	7130
7142	黎平县	7130
7143	榕江县	7130
7144	从江县	7130
7145	雷山县	7130
7146	麻江县	7130
7147	丹寨县	7130
7150	黔南布依族苗族自治州	7000
7151	都匀市	7150
7152	荔波县	7150
7153	贵定县	7150
7154	福泉市	7150
7155	瓮安县	7150
7156	独山县	7150
7157	平塘县	7150
7158	罗甸县	7150
7159	长顺县	7150
7161	龙里县	7150
7162	惠水县	7150
7163	三都水族自治县	7150
7300	云南省	1
7310	昆明市	7300
7311	呈贡县	7310
7312	晋宁县	7310
7313	安宁市	7310
7314	富民县	7310
7315	宜良县	7310
7316	石林彝族自治县	7310
7317	嵩明县	7310
7318	禄劝彝族苗族自治县	7310
7319	寻甸回族彝族自治县	7310
7340	昭通市	7300
7342	鲁甸县	7340
7343	巧家县	7340
7344	盐津县	7340
7345	大关县	7340
7346	永善县	7340
7347	绥江县	7340
7348	镇雄县	7340
7349	彝良县	7340
7351	威信县	7340
7352	水富县	7340
7360	曲靖市	7300
7362	马龙县	7360
7363	宣威市	7360
7364	富源县	7360
7365	罗平县	7360
7366	师宗县	7360
7367	陆良县	7360
7369	会泽县	7360
7371	沾益县	7360
7380	楚雄彝族自治州	7300
7381	楚雄市	7380
7382	双柏县	7380
7383	牟定县	7380
7384	南华县	7380
7385	姚安县	7380
7386	大姚县	7380
7387	永仁县	7380
7388	元谋县	7380
7389	武定县	7380
7391	禄丰县	7380
7410	玉溪市	7300
7412	江川县	7410
7413	澄江县	7410
7414	通海县	7410
7415	华宁县	7410
7416	易门县	7410
7417	峨山彝族自治县	7410
7418	新平彝族傣族自治县	7410
7419	元江哈尼族彝族傣族自治县	7410
7431	个旧市	7430
7432	开远市	7430
7433	蒙自县	7430
7434	屏边苗族自治县	7430
7435	建水县	7430
7436	石屏县	7430
7437	弥勒县	7430
7438	泸西县	7430
7439	元阳县	7430
7441	红河县	7430
7450	文山壮族苗族自治州	7300
7451	文山县	7450
7452	砚山县	7450
7453	西畴县	7450
7454	麻栗坡县	7450
7455	马关县	7450
7456	丘北县	7450
7457	广南县	7450
7458	富宁县	7450
7472	宁洱哈尼族彝族自治县	7470
7473	墨江哈尼族自治县	7470
7474	景东彝族自治县	7470
7475	景谷傣族彝族自治县	7470
7476	镇沅彝族哈尼族拉祜族自治县	7470
7491	景洪市	7490
7492	勐海县	7490
7493	勐腊县	7490
7510	大理白族自治州	7300
7511	大理市	7510
7512	漾濞彝族自治县	7510
7513	祥云县	7510
7514	宾川县	7510
7515	弥渡县	7510
7516	南涧彝族自治县	7510
7517	巍山彝族回族自治县	7510
7518	永平县	7510
7519	云龙县	7510
7521	洱源县	7510
7522	剑川县	7510
7523	鹤庆县	7510
7532	施甸县	7530
7535	昌宁县	7530
7543	梁河县	7540
7550	丽江市	7300
7552	永胜县	7550
7553	华坪县	7550
7554	宁蒗彝族自治县	7550
7555	玉龙纳西族自治县	7550
7560	怒江傈僳族自治州	7300
7561	泸水县	7560
7562	福贡县	7560
7563	贡山独龙族怒族自治县	7560
7564	兰坪白族普米族自治县	7560
7570	迪庆藏族自治州	7300
7571	香格里拉县	7570
7572	德钦县	7570
7573	维西傈僳族自治县	7570
7582	凤庆县	7580
7583	云　县	7580
7584	永德县	7580
7586	双江拉祜族佤族布朗族傣族自治县	7580
7700	西藏自治区	1
7710	拉萨市	7700
7711	林周县	7710
7712	当雄县	7710
7713	尼木县	7710
7714	曲水县	7710
7715	堆龙德庆县	7710
7716	达孜县	7710
7717	墨竹工卡县	7710
7720	昌都地区	7700
7721	昌都县	7720
7722	江达县	7720
7723	贡觉县	7720
7724	类乌齐县	7720
7725	丁青县	7720
7726	察雅县	7720
7727	八宿县	7720
7728	左贡县	7720
7729	芒康县	7720
7731	洛隆县	7720
7732	边坝县	7720
7740	山南地区	7700
7741	乃东县	7740
7742	扎囊县	7740
7743	贡嘎县	7740
7744	桑日县	7740
7745	琼结县	7740
7746	曲松县	7740
7747	措美县	7740
7748	洛扎县	7740
7749	加查县	7740
7751	隆子县	7740
7752	错那县	7740
7753	浪卡子县	7740
7760	日喀则地区	7700
7761	日喀则市	7760
7762	南木林县	7760
7763	江孜县	7760
7764	定日县	7760
7765	萨迦县	7760
7766	拉孜县	7760
7767	昂仁县	7760
7768	谢通门县	7760
7769	白朗县	7760
7771	仁布县	7760
7772	康马县	7760
7773	定结县	7760
7774	仲巴县	7760
7775	亚东县	7760
7776	吉隆县	7760
7777	聂拉木县	7760
7778	萨嘎县	7760
7779	岗巴县	7760
7790	那曲地区	7700
7791	那曲县	7790
7792	嘉黎县	7790
7793	比如县	7790
7794	聂荣县	7790
7795	安多县	7790
7796	申扎县	7790
7797	索　县	7790
7798	班戈县	7790
7799	巴青县	7790
7801	尼玛县以及双湖特别区	7790
7810	阿里地区	7700
7811	普兰县	7810
7812	札达县	7810
7813	噶尔县	7810
7814	日土县	7810
7815	革吉县	7810
7816	改则县	7810
7817	措勤县	7810
7830	林芝地区	7700
7831	林芝县	7830
7832	工布江达县	7830
7833	米林县	7830
7834	墨脱县	7830
7835	波密县	7830
7836	察隅县	7830
7837	朗　县	7830
7900	陕西省	1
7910	西安市	7900
7912	蓝田县	7910
7914	周至县	7910
7915	户　县	7910
7916	高陵县	7910
7920	铜川市	7900
7922	宜君县	7920
7930	宝鸡市	7900
7932	凤翔县	7930
7933	岐山县	7930
7934	扶风县	7930
7935	眉　县	7930
7936	陇　县	7930
7937	千阳县	7930
7938	麟游县	7930
7939	凤　县	7930
7941	太白县	7930
7950	咸阳市	7900
7951	兴平市	7950
7952	三原县	7950
7953	泾阳县	7950
7954	乾　县	7950
7955	礼泉县	7950
7956	永寿县	7950
7957	彬　县	7950
7958	长武县	7950
7959	旬邑县	7950
7961	淳化县	7950
7962	武功县	7950
7970	渭南市	7900
7972	韩城市	7970
7973	华　县	7970
7974	华阴市	7970
7975	潼关县	7970
7976	大荔县	7970
7977	蒲城县	7970
7978	澄城县	7970
7979	白水县	7970
7981	合阳县	7970
7982	富平县	7970
7990	汉中市	7900
7992	南郑县	7990
7993	城固县	7990
7994	洋　县	7990
7995	西乡县	7990
7996	勉　县	7990
7997	宁强县	7990
7998	略阳县	7990
7999	镇巴县	7990
8001	留坝县	7990
8002	佛坪县	7990
8010	安康市	7900
8012	汉阴县	8010
8013	石泉县	8010
8014	宁陕县	8010
8015	紫阳县	8010
8016	岚皋县	8010
8017	平利县	8010
8018	镇坪县	8010
8019	旬阳县	8010
8021	白河县	8010
8030	商洛市	7900
8032	洛南县	8030
8033	丹凤县	8030
8034	商南县	8030
8035	山阳县	8030
8036	镇安县	8030
8037	柞水县	8030
8040	延安市	7900
8042	延长县	8040
8043	延川县	8040
8044	子长县	8040
8045	安塞县	8040
8046	志丹县	8040
8047	吴起县	8040
8048	甘泉县	8040
8049	富　县	8040
8051	洛川县	8040
8052	宜川县	8040
8053	黄龙县	8040
8054	黄陵县	8040
8060	榆林市	7900
8062	神木县	8060
8063	府谷县	8060
8064	横山县	8060
8065	靖边县	8060
8066	定边县	8060
8067	绥德县	8060
8068	米脂县	8060
8069	佳　县	8060
8071	吴堡县	8060
8072	清涧县	8060
8073	子洲县	8060
8200	甘肃省	1
8210	兰州市	8200
8211	永登县	8210
8212	皋兰县	8210
8213	榆中县	8210
8220	嘉峪关市	8200
8230	金昌市	8200
8231	永昌县	8230
8240	白银市	8200
8241	靖远县	8240
8242	会宁县	8240
8243	景泰县	8240
8250	天水市	8200
8251	清水县	8250
8252	秦安县	8250
8253	甘谷县	8250
8254	武山县	8250
8255	张家川回族自治县	8250
8260	酒泉市	8200
8261	玉门市	8260
8263	敦煌市	8260
8264	金塔县	8260
8265	肃北蒙古族自治县	8260
8266	阿克塞哈萨克族自治县	8260
8267	瓜州县	8260
8270	张掖市	8200
8272	肃南裕固族自治县	8270
8273	民乐县	8270
8274	临泽县	8270
8275	高台县	8270
8276	山丹县	8270
8280	武威市	8200
8282	民勤县	8280
8283	古浪县	8280
8284	天祝藏族自治县	8280
8290	定西市	8200
8292	通渭县	8290
8293	陇西县	8290
8294	渭源县	8290
8295	临洮县	8290
8296	漳　县	8290
8297	岷　县	8290
8310	陇南市	8200
8312	宕昌县	8310
8313	成　县	8310
8314	康　县	8310
8315	文　县	8310
8316	西和县	8310
8317	礼　县	8310
8318	两当县	8310
8319	徽　县	8310
8330	平凉市	8200
8332	泾川县	8330
8333	灵台县	8330
8334	崇信县	8330
8335	华亭县	8330
8336	庄浪县	8330
8337	静宁县	8330
8340	庆阳市	8200
8342	庆城县	8340
8343	环　县	8340
8344	华池县	8340
8345	合水县	8340
8346	正宁县	8340
8347	宁　县	8340
8348	镇原县	8340
8360	临夏回族自治州	8200
8361	临夏市	8360
8362	临夏县	8360
8363	康乐县	8360
8364	永靖县	8360
8365	广河县	8360
8366	和政县	8360
8367	东乡族自治县	8360
8368	积石山保安族东乡族撒拉族自治县	8360
8380	甘南藏族自治州	8200
8381	临潭县	8380
8382	卓尼县	8380
8383	舟曲县	8380
8384	迭部县	8380
8385	玛曲县	8380
8386	碌曲县	8380
8387	夏河县	8380
8388	合作市	8380
8500	青海省	1
8510	西宁市	8500
8511	大通回族土族自治县	8510
8512	湟中县	8510
8513	湟源县	8510
8520	海东地区	8500
8521	平安县	8520
8522	民和回族土族自治县	8520
8523	乐都县	8520
8526	互助土族自治县	8520
8527	化隆回族自治县	8520
8528	循化撒拉族自治县	8520
8540	海北藏族自治州	8500
8541	门源回族自治县	8540
8542	祁连县	8540
8543	海晏县	8540
8544	刚察县	8540
8550	黄南藏族自治州	8500
8551	同仁县	8550
8552	尖扎县	8550
8553	泽库县	8550
8554	河南蒙古族自治县	8550
8560	海南藏族自治州	8500
8561	共和县	8560
8562	同德县	8560
8563	贵德县	8560
8564	兴海县	8560
8565	贵南县	8560
8570	果洛藏族自治州	8500
8571	玛沁县	8570
8572	班玛县	8570
8573	甘德县	8570
8574	达日县	8570
8575	久治县	8570
8576	玛多县	8570
8580	玉树藏族自治州	8500
8581	玉树县	8580
8582	杂多县	8580
8583	称多县	8580
8584	治多县	8580
8585	囊谦县	8580
8586	曲麻莱县	8580
8590	海西蒙古族藏族自治州	8500
8591	格尔木市	8590
8592	德令哈市	8590
8593	乌兰县	8590
8594	都兰县	8590
8595	天峻县	8590
8700	宁夏自治区	1
8710	银川市	8700
8711	永宁县	8710
8712	贺兰县	8710
8713	灵武市	8710
8720	石嘴山市	8700
8721	平罗县	8720
8730	吴忠市	8700
8732	青铜峡市	8730
8736	盐池县	8730
8737	同心县	8730
8740	固原市	8700
8743	西吉县	8740
8744	隆德县	8740
8745	泾源县	8740
8746	彭阳县	8740
8750	中卫市	8700
8751	中宁县	8750
8752	海原县	8750
8800	新疆自治区	1
8810	乌鲁木齐市	8800
8811	乌鲁木齐县	8810
8820	克拉玛依市	8800
8830	吐鲁番地区	8800
8831	吐鲁番市	8830
8832	鄯善县	8830
8833	托克逊县	8830
8840	哈密地区	8800
8841	哈密市	8840
8842	巴里坤哈萨克自治县	8840
8843	伊吾县	8840
8850	昌吉回族自治州	8800
8851	昌吉市	8850
8853	呼图壁县	8850
8854	玛纳斯县	8850
8855	奇台县	8850
8856	阜康市	8850
8857	吉木萨尔县	8850
8858	木垒哈萨克自治县	8850
8870	博尔塔拉蒙古族自治州	8800
8871	博乐市	8870
8872	精河县	8870
8873	温泉县	8870
8880	巴音郭楞蒙古族自治州	8800
8881	库尔勒市	8880
8882	轮台县	8880
8883	尉犁县	8880
8884	若羌县	8880
8885	且末县	8880
8886	焉耆回族自治县	8880
8887	和静县	8880
8888	和硕县	8880
8889	博湖县	8880
8910	阿克苏地区	8800
8911	阿克苏市	8910
8912	温宿县	8910
8913	库车县	8910
8914	沙雅县	8910
8915	新和县	8910
8916	拜城县	8910
8917	乌什县	8910
8918	阿瓦提县	8910
8919	柯坪县	8910
8930	克孜勒苏柯尔克孜自治州	8800
8931	阿图什市	8930
8932	阿克陶县	8930
8933	阿合奇县	8930
8934	乌恰县	8930
8940	喀什地区	8800
8941	喀什市	8940
8942	疏附县	8940
8943	疏勒县	8940
8944	英吉沙县	8940
8945	泽普县	8940
8946	莎车县	8940
8947	叶城县	8940
8948	麦盖提县	8940
8949	岳普湖县	8940
8951	伽师县	8940
8952	巴楚县	8940
8953	塔什库尔干塔吉克自治县	8940
8960	和田地区	8800
8961	和田市	8960
8962	和田县	8960
8963	墨玉县	8960
8964	皮山县	8960
8965	洛浦县	8960
8966	策勒县	8960
8967	于田县	8960
8968	民丰县	8960
8980	伊犁哈萨克自治州	8800
8981	奎屯市	8980
8991	伊宁市	8980
8992	伊宁县	8980
8993	察布查尔锡伯自治县	8980
8994	霍城县	8980
8995	巩留县	8980
8996	新源县	8980
8997	昭苏县	8980
8998	特克斯县	8980
8999	尼勒克县	8980
9010	塔城地区	8800
9011	塔城市	9010
9012	额敏县	9010
9013	乌苏市	9010
9014	沙湾县	9010
9015	托里县	9010
9016	裕民县	9010
9017	和布克赛尔蒙古自治县	9010
9020	阿勒泰地区	8800
9021	阿勒泰市	9020
9022	布尔津县	9020
9023	富蕴县	9020
9024	福海县	9020
9025	哈巴河县	9020
9026	青河县	9020
9027	吉木乃县	9020
9028	石河子市（自治区直辖）	9020
9041	阿拉尔市（自治区直辖）	9020
9042	图木舒克市（自治区直辖）	9020
9043	五家渠市（自治区直辖）	9020
100001	东城区	1000
100002	西城区	1000
100003	崇文区	1000
100004	宣武区	1000
100005	朝阳区	1000
100006	丰台区	1000
100007	石景山区	1000
100008	海淀区	1000
100009	门头沟区	1000
100010	房山区	1000
100011	通州区	1000
100012	顺义区	1000
100013	昌平区	1000
100014	大兴区	1000
100015	怀柔区	1000
100016	平谷区	1000
110001	和平区	1100
110002	河东区	1100
110003	河西区	1100
110004	南开区	1100
110005	河北区	1100
110006	红桥区	1100
110007	塘沽区	1100
110008	汉沽区	1100
110009	大港区	1100
110010	东丽区	1100
110011	西青区	1100
110012	津南区	1100
110013	北辰区	1100
110014	武清区	1100
110015	宝坻区	1100
290001	黄浦区	2900
290002	徐汇区	2900
290003	长宁区	2900
290004	静安区	2900
290005	普陀区	2900
290006	闸北区	2900
290007	虹口区	2900
290008	杨浦区	2900
290009	闵行区	2900
290010	宝山区	2900
290011	嘉定区	2900
290012	浦东新区	2900
290013	金山区	2900
290014	松江区	2900
290015	青浦区	2900
290016	南汇区	2900
290017	奉贤区	2900
690010	万盛区	6900
690011	双桥区	6900
730001	思茅市	7300
981210	石家庄市	1210
981240	唐山市	1240
981260	秦皇岛市	1260
981270	邯郸市	1270
981310	邢台市	1310
981340	保定市	1340
981380	张家口市	1380
981410	承德市	1410
981430	沧州市	1430
981460	廊坊市	1460
981480	衡水市	1480
981610	太原市	1610
981620	大同市	1620
981650	阳泉市	1650
981660	长治市	1660
981680	晋城市	1680
981690	朔州市	1690
981710	忻州市	1710
981730	吕梁市	1730
981750	晋中市	1750
981770	临汾市	1770
981810	运城市	1810
981910	呼和浩特市	1910
981920	包头市	1920
981930	乌海市	1930
981940	赤峰市	1940
981960	呼伦贝尔市	1960
981980	兴安盟	1980
981990	通辽市	1990
982010	锡林郭勒盟	2010
982030	乌兰察布市	2030
982050	鄂尔多斯市	2050
982070	巴彦淖尔市	2070
982080	阿拉善盟	2080
982210	沈阳市	2210
982220	大连市	2220
982230	鞍山市	2230
982240	抚顺市	2240
982250	本溪市	2250
982260	丹东市	2260
982270	锦州市	2270
982280	营口市	2280
982290	阜新市	2290
982310	辽阳市	2310
982320	盘锦市	2320
982330	铁岭市	2330
982340	朝阳市	2340
982360	葫芦岛市	2360
982410	长春市	2410
982420	吉林市	2420
982430	四平市	2430
982440	辽源市	2440
982450	通化市	2450
982460	白山市	2460
982470	白城市	2470
982490	延边朝鲜族自治州	2490
982510	松原市	2510
982610	哈尔滨市	2610
982640	齐齐哈尔市	2640
982660	鸡西市	2660
982670	鹤岗市	2670
982680	双鸭山市	2680
982690	大庆市	2690
982710	伊春市	2710
982720	佳木斯市	2720
982740	七台河市	2740
982750	牡丹江市	2750
982760	绥化市	2760
982780	黑河市	2780
982790	大兴安岭地区	2790
983010	南京市	3010
983020	无锡市	3020
983030	徐州市	3030
983040	常州市	3040
983050	苏州市	3050
983060	南通市	3060
983070	连云港市	3070
983080	淮安市	3080
983110	盐城市	3110
983120	扬州市	3120
983140	镇江市	3140
983160	泰州市	3160
983180	宿迁市	3180
983310	杭州市	3310
983320	宁波市	3320
983330	温州市	3330
983350	嘉兴市	3350
983360	湖州市	3360
983370	绍兴市	3370
983380	金华市	3380
983410	衢州市	3410
983420	舟山市	3420
983430	丽水市	3430
983450	台州市	3450
983610	合肥市	3610
983620	芜湖市	3620
983630	蚌埠市	3630
983640	淮南市	3640
983650	马鞍山市	3650
983660	淮北市	3660
983670	铜陵市	3670
983680	安庆市	3680
983710	黄山市	3710
983720	阜阳市	3720
983740	宿州市	3740
983750	滁州市	3750
983760	六安市	3760
983770	宣城市	3770
983780	巢湖市	3780
983790	池州市	3790
983810	亳州市	3810
983910	福州市	3910
983930	厦门市	3930
983940	莆田市	3940
983950	三明市	3950
983970	泉州市	3970
983990	漳州市	3990
984010	南平市	4010
984030	宁德市	4030
984050	龙岩市	4050
984210	南昌市	4210
984220	景德镇市	4220
984230	萍乡市	4230
984240	九江市	4240
984260	新余市	4260
984270	鹰潭市	4270
984280	赣州市	4280
984310	宜春市	4310
984330	上饶市	4330
984350	吉安市	4350
984370	抚州市	4370
984510	济南市	4510
984520	青岛市	4520
984530	淄博市	4530
984540	枣庄市	4540
984550	东营市	4550
984560	烟台市	4560
984580	潍坊市	4580
984610	济宁市	4610
984630	泰安市	4630
984650	威海市	4650
984660	滨州市	4660
984680	德州市	4680
984710	聊城市	4710
984730	临沂市	4730
984750	菏泽市	4750
984770	日照市	4770
984790	莱芜市	4790
984910	郑州市	4910
984920	开封市	4920
984930	洛阳市	4930
984950	平顶山市	4950
984960	安阳市	4960
984970	鹤壁市	4970
984980	新乡市	4980
985010	焦作市	5010
985020	濮阳市	5020
985030	许昌市	5030
985040	漯河市	5040
985050	三门峡市	5050
985060	商丘市	5060
985080	周口市	5080
985110	驻马店市	5110
985130	南阳市	5130
985150	信阳市	5150
985210	武汉市	5210
985220	黄石市	5220
985230	十堰市	5230
985250	宜昌市	5250
985270	随州市	5270
985280	襄樊市	5280
985310	鄂州市	5310
985320	荆门市	5320
985330	黄冈市	5330
985350	孝感市	5350
985360	咸宁市	5360
985370	荆州市	5370
985410	恩施土家族苗族自治州	5410
985510	长沙市	5510
985520	株洲市	5520
985530	湘潭市	5530
985540	衡阳市	5540
985550	邵阳市	5550
985570	岳阳市	5570
985580	常德市	5580
985590	张家界市	5590
985610	益阳市	5610
985620	娄底市	5620
985630	郴州市	5630
985650	永州市	5650
985670	怀化市	5670
985690	湘西土家族苗族自治州	5690
985810	广州市	5810
985820	韶关市	5820
985840	深圳市	5840
985850	珠海市	5850
985860	汕头市	5860
985880	佛山市	5880
985890	江门市	5890
985910	湛江市	5910
985920	茂名市	5920
985930	肇庆市	5930
985950	惠州市	5950
985960	梅州市	5960
985970	汕尾市	5970
985980	河源市	5980
985990	阳江市	5990
986010	清远市	6010
986020	东莞市	6020
986021	虎门	6020
986030	中山市	6030
986040	潮州市	6040
986050	揭阳市	6050
986060	云浮市	6060
986110	南宁市	6110
986140	柳州市	6140
986170	桂林市	6170
986210	梧州市	6210
986230	北海市	6230
986240	玉林市	6240
986260	百色市	6260
986280	河池市	6280
986310	钦州市	6310
986320	防城港市	6320
986330	贵港市	6330
986340	贺州市	6340
986350	来宾市	6350
986360	崇左市	6360
986410	海口市	6410
986420	三亚市	6420
986510	成都市	6510
986550	自贡市	6550
986560	攀枝花市	6560
986570	泸州市	6570
986580	德阳市	6580
986590	绵阳市	6590
986610	广元市	6610
986620	遂宁市	6620
986630	内江市	6630
986650	乐山市	6650
986670	眉山市	6670
986690	广安市	6690
986710	宜宾市	6710
986730	南充市	6730
986750	达州市	6750
986770	雅安市	6770
986790	阿坝藏族羌族自治州	6790
986810	甘孜藏族自治州	6810
986840	凉山彝族自治州	6840
986870	巴中市	6870
986880	资阳市	6880
987010	贵阳市	7010
987020	六盘水市	7020
987030	遵义市	7030
987050	铜仁地区	7050
987070	黔西南布依族苗族自治州	7070
987090	毕节地区	7090
987110	安顺市	7110
987130	黔东南苗族侗族自治州	7130
987150	黔南布依族苗族自治州	7150
987310	昆明市	7310
987340	昭通市	7340
987360	曲靖市	7360
987380	楚雄彝族自治州	7380
987410	玉溪市	7410
987450	文山壮族苗族自治州	7450
987510	大理白族自治州	7510
987550	丽江市	7550
987560	怒江傈僳族自治州	7560
987570	迪庆藏族自治州	7570
987710	拉萨市	7710
987720	昌都地区	7720
987740	山南地区	7740
987760	日喀则地区	7760
987790	那曲地区	7790
987810	阿里地区	7810
987830	林芝地区	7830
987910	西安市	7910
987920	铜川市	7920
987930	宝鸡市	7930
987950	咸阳市	7950
987970	渭南市	7970
987990	汉中市	7990
988010	安康市	8010
988030	商洛市	8030
988040	延安市	8040
988060	榆林市	8060
988210	兰州市	8210
988220	嘉峪关市	8220
988230	金昌市	8230
988240	白银市	8240
988250	天水市	8250
988260	酒泉市	8260
988270	张掖市	8270
988280	武威市	8280
988290	定西市	8290
988310	陇南市	8310
988330	平凉市	8330
988340	庆阳市	8340
988360	临夏回族自治州	8360
988380	甘南藏族自治州	8380
988510	西宁市	8510
988520	海东地区	8520
988540	海北藏族自治州	8540
988550	黄南藏族自治州	8550
988560	海南藏族自治州	8560
988570	果洛藏族自治州	8570
988580	玉树藏族自治州	8580
988590	海西蒙古族藏族自治州	8590
988710	银川市	8710
988720	石嘴山市	8720
988730	吴忠市	8730
988740	固原市	8740
988750	中卫市	8750
988810	乌鲁木齐市	8810
988820	克拉玛依市	8820
988830	吐鲁番地区	8830
988840	哈密地区	8840
988850	昌吉回族自治州	8850
988870	博尔塔拉蒙古族自治州	8870
988880	巴音郭楞蒙古族自治州	8880
988910	阿克苏地区	8910
988930	克孜勒苏柯尔克孜自治州	8930
988940	喀什地区	8940
988960	和田地区	8960
988980	伊犁哈萨克自治州	8980
989010	塔城地区	9010
989020	阿勒泰地区	9020
991000	北京	1
991100	天津	1
992900	上海	1
996900	重庆	1
7430	红河哈尼族彝族自治州	7300
7580	临沧市	7300
7540	德宏傣族景颇族自治州	7300
7470	普洱市	7300
7530	保山市	7300
2816	乌伊岭区	2710
2817	红星1200	河北省
1215	长安区	1210
1216	桥西区	1210
1217	新华区	1210
1218	井陉矿区	1210
1219	裕华区	1210
1241	路南区	1240
1242	路北区	1240
1252	古冶区	1240
1253	开平区	1240
1254	丰润区	1240
1255	曹妃甸区	1240
1265	海港区	1260
1266	山海关区	1260
1267	北戴河区	1260
1272	邯山区	1270
1273	丛台区	1270
1274	复兴区	1270
1275	峰峰矿区	1270
1312	桥东区	1310
1313	桥西区	1310
1343	新市区	1340
1344	莲池区	1340
1382	桥东区	1380
1383	桥西区	1380
1384	宣化区	1380
1385	下花园区	1380
1413	双滦区	1410
1414	鹰手营子矿区	1410
1433	新华区	1430
1454	运河区	1430
1469	安次区	1460
1471	广阳区	1460
1615	尖草坪区	1610
1616	小店区	1610
1617	迎泽区	1610
1618	杏花岭区	1610
1619	万柏林区	1610
1621	晋源区	1610
1638	南郊区	1620
1641	城区	1620
1642	矿区	1620
1643	新荣区	1620
1653	城区	1650
1654	矿区	1650
1655	郊区	1650
1673	城  区	1660
1674	郊  区	1660
1686	城  区	1680
1695	朔城区	1690
1696	平鲁区	1690
1726	忻府区	1710
1745	离石区	1730
1751	榆次区	1750
1771	尧都区	1770
1811	盐湖区	1810
1916	回民区	1910
1917	如意开发区	1910
1918	赛罕区	1910
1919	新城区	1910
2061	玉泉区	1910
1924	东河区	1920
1925	昆都仑区	1920
1926	青山区	1920
1927	石拐区	1920
1928	白云鄂博矿区	1920
1929	九原区	1920
1931	海勃湾区	1930
1932	海南区	1930
1933	乌达区	1930
1951	红山区	1940
1952	元宝山区	1940
1953	松山区	1940
1961	海拉尔区	1960
1975	扎赉诺尔区	1960
1991	科尔沁区	1990
2031	集宁区	2030
2059	康巴什区	2050
2071	临河区	2070
2215	沈北新区	2210
2217	沈河区	2210
2218	大东区	2210
2219	皇姑区	2210
2351	铁西区	2210
2352	苏家屯区	2210
2353	浑南区	2210
2354	于洪区	2210
2225	中山区	2220
2226	西岗区	2220
2227	沙河口区	2220
2228	甘井子区	2220
2229	旅顺口区	2220
2371	金州区	2220
2234	铁东区	2230
2235	铁西区	2230
2236	立山区	2230
2237	千山区	2230
2244	新抚区	2240
2245	东洲区	2240
2246	望花区	2240
2247	顺城区	2240
2253	平山区	2250
2254	溪湖区	2250
2255	明山区	2250
2256	南芬区	2250
2265	元宝区	2260
2266	振安区	2260
2267	振兴区	2260
2271	太和区	2270
2276	古塔区	2270
2277	凌河区	2270
2283	站前区	2280
2284	西市区	2280
2285	鲅鱼圈区	2280
2286	老边区	2280
2293	海州区	2290
2294	新邱区	2290
2295	太平区	2290
2296	清河门区	2290
2297	细河区	2290
2313	白塔区	2310
2314	文圣区	2310
2315	宏伟区	2310
2316	弓长岭区	2310
2317	太子河区	2310
2323	双台子区	2320
2324	兴隆台区	2320
2338	银州区	2330
2339	清河区	2330
2345	龙城区	2340
2347	双塔区	2340
2364	连山区	2360
2365	龙港区	2360
2366	南票区	2360
2416	南关区	2410
2417	宽城区	2410
2419	二道区	2410
2481	绿园区	2410
2482	双阳区	2410
2483	长春新区	2410
2426	丰满区	2420
2427	昌邑区	2420
2428	龙潭区	2420
2429	船营区	2420
2435	铁西区	2430
2436	铁东区	2430
2443	龙山区	2440
2444	西安区	2440
2456	东昌区	2450
2457	二道江区	2450
2465	浑江区	2460
2466	江源区	2460
2471	洮北区	2470
2515	宁江区	2510
2631	道里区	2610
2632	南岗区	2610
2633	道外区	2610
2634	平房区	2610
2635	松北区	2610
2636	香坊区	2610
2637	呼兰区	2610
2638	阿城区	2610
2653	龙沙区	2640
2654	建华区	2640
2655	铁锋区	2640
2656	昂昂溪区	2640
2657	富拉尔基区	2640
2658	碾子山区	2640
2659	梅里斯达斡尔族区	2640
2664	鸡冠区	2660
2665	恒山区	2660
2666	滴道区	2660
2667	梨树区	2660
2668	城子河区	2660
2669	麻山区	2660
2673	向阳区	2670
2674	工农区	2670
2675	南山区	2670
2676	兴安区	2670
2677	东山区	2670
2678	兴山区	2670
2685	尖山区	2680
2686	岭东区	2680
2687	四方台区	2680
2695	萨尔图区	2690
2696	龙凤区	2690
2697	让胡路区	2690
2698	红岗区	2690
2699	大同区	2690
2713	伊春区	2710
2714	南岔区	2710
2715	友好区	2710
2716	西林区	2710
2717	翠峦区	2710
2718	新青区	2710
2719	美溪区	2710
2811	金山屯区	2710
2812	五营区	2710
2813	乌马河区	2710
2814	汤旺河区	2710
2815	带岭区	2710
2816	乌伊岭区	2710
2817	红星区	2710
2818	上甘岭区	2710
2732	向阳区	2720
2733	前进区	2720
2734	东风区	2720
2735	郊  区	2720
2742	新兴区	2740
2743	桃山区	2740
2744	茄子河区	2740
2758	东安区	2750
2759	阳明区	2750
2821	爱民区	2750
2822	西安区	2750
2761	北林区	2760
2781	爱辉区	2780
3011	浦口区	3010
3012	玄武区	3010
3013	秦淮区	3010
3016	栖霞区	3010
3017	雨花台区	3010
3018	江宁区	3010
3019	六合区	3010
3091	溧水区	3010
3092	高淳区	3010
3021	滨湖区	3020
3024	梁溪区	3020
3027	锡山区	3020
3028	惠山区	3020
3029	新吴区	3020
3037	鼓楼区	3030
3038	云龙区	3030
3039	铜山区	3030
3211	贾汪区	3030
3212	泉山区	3030
3044	新北区	3040
3045	天宁区	3040
3046	钟楼区	3040
3057	吴中区	3050
3058	虎丘区	3050
3059	相城区	3050
3221	姑苏区	3050
3222	吴江区	3050
3068	崇川区	3060
3069	港闸区	3060
3075	连云区	3070
3076	海州区	3070
3081	淮阴区	3080
3082	清江浦区	3080
3083	淮安区	3080
3118	亭湖区	3110
3119	盐都区	3110
3123	邗江区	3120
3130	广陵区	3120
3131	江都区	3120
3141	丹徒区	3140
3145	润州区	3140
3146	京口区	3140
3165	海陵区	3160
3166	高港区	3160
3184	宿豫区	3180
3185	宿城区	3180
3317	余杭区	3310
3318	上城区	3310
3471	江干区	3310
3472	拱墅区	3310
3473	西湖区	3310
3474	滨江区	3310
3475	萧山区	3310
3341	鹿城区	3330
3342	龙湾区	3330
3343	瓯海区	3330
3356	秀洲区	3350
3357	南湖区	3350
3364	吴兴区	3360
3365	南浔区	3360
3376	上虞区	3370
3381	婺城区	3380
3389	金东区	3380
3411	柯城区	3410
3416	衢江区	3410
3423	定海区	3420
3431	莲都区	3430
3453	路桥区	3450
3459	黄岩区	3450
3615	巢湖市（直辖）	3610
3616	瑶海区	3610
3617	庐阳区	3610
3618	蜀山区	3610
3619	包河区	3610
3625	镜湖区	3620
3626	弋江区	3620
3627	鸠江区	3620
3628	三山区	3620
3634	龙子湖区	3630
3635	蚌山区	3630
3636	禹会区	3630
3637	淮上区	3630
3642	大通区	3640
3643	田家庵区	3640
3644	谢家集区	3640
3645	八公山区	3640
3646	潘集区	3640
3654	花山区	3650
3655	雨山区	3650
3656	博望区	3650
3662	杜集区	3660
3663	相山区	3660
3664	烈山区	3660
3672	铜官区	3670
3674	郊  区	3670
3689	迎江区	3680
3691	大观区	3680
3692	宜秀区	3680
3715	屯溪区	3710
3716	黄山区	3710
3717	徽州区	3710
3721	颍州区	3720
3722	颍东区	3720
3723	颍泉区	3720
3741	埇桥区	3740
3751	南谯区	3750
3758	琅琊区	3750
3761	金安区	3760
3762	裕安区	3760
3778	宣州区	3770
3791	贵池区	3790
3815	谯城区	3810
3919	鼓楼区	3910
3921	台江区	3910
3922	仓山区	3910
3923	马尾区	3910
3924	晋安区	3910
3931	思明区	3930
3932	海沧区	3930
3933	湖里区	3930
3934	集美区	3930
3935	同安区	3930
3936	翔安区	3930
3941	城厢区	3940
3943	涵江区	3940
3944	荔城区	3940
3945	秀屿区	3940
3962	梅列区	3950
3963	三元区	3950
3981	鲤城区	3970
3982	丰泽区	3970
3983	洛江区	3970
3984	泉港区	3970
4061	芗城区	3990
4062	龙文区	3990
4011	延平区	4010
4031	蕉城区	4030
4051	新罗区	4050
4215	青山湖区	4210
4216	东湖区	4210
4217	西湖区	4210
4218	青云谱区	4210
4219	湾里区	4210
4391	赣江新区	4210
4223	昌江区	4220
4224	珠山区	4220
4234	安源区	4230
4235	湘东区	4230
4252	共青城市	4240
4253	濂溪区	4240
4254	浔阳区	4240
4262	渝水区	4260
4273	月湖区	4270
4281	章贡区	4280
4311	袁州区	4310
4331	信州区	4330
4351	青原区	4350
4364	吉州区	4350
4383	临川区	4370
4512	历城区	4510
4516	历下区	4510
4517	市中区	4510
4518	槐荫区	4510
4519	天桥区	4510
4641	长清区	4510
4526	崂山区	4520
4527	西海岸新区（含黄岛区全部区域）	4520
4528	市南区	4520
4529	李沧区	4520
4671	城阳区	4520
4534	淄川区	4530
4535	张店区	4530
4536	博山区	4530
4537	临淄区	4530
4538	周村区	4530
4542	市中区	4540
4543	薛城区	4540
4544	峄城区	4540
4545	台儿庄区	4540
4546	山亭区	4540
4554	河口区	4550
4555	东营区	4550
4571	牟平区	4560
4572	芝罘区	4560
4573	福山区	4560
4574	莱山区	4560
4590	奎文区	4580
4591	潍城区	4580
4592	寒亭区	4580
4593	坊子区	4580
4622	兖州区	4610
4636	泰山区	4630
4637	岱岳区	4630
4654	环翠区	4650
4668	滨城区	4660
4681	德城区	4680
4711	东昌府区	4710
4731	兰山区	4730
4732	罗庄区	4730
4751	牡丹区	4750
4773	东港区	4770
4774	岚山区	4770
4791	钢城区	4790
4792	莱城区	4790
4917	中原区	4910
4918	二七区	4910
4919	管城回族区	4910
5071	金水区	4910
5072	上街区	4910
5073	惠济区	4910
4926	龙亭区	4920
4927	顺河回族区	4920
4928	鼓楼区	4920
4929	禹王台区	4920
4941	老城区	4930
4942	西工区	4930
4943	瀍河回族区	4930
4944	涧西区	4930
4945	吉利区	4930
4946	洛龙区	4930
4958	新华区	4950
4959	卫东区	4950
5171	石龙区	4950
5172	湛河区	4950
4966	文峰区	4960
4967	北关区	4960
4968	殷都区	4960
4969	龙安区	4960
4973	鹤山区	4970
4974	山城区	4970
4975	淇滨区	4970
4989	红旗区	4980
4991	卫滨区	4980
4992	凤泉区	4980
4993	牧野区	4980
5018	解放区	5010
5019	中站区	5010
5181	马村区	5010
5182	山阳区	5010
5026	华龙区	5020
5036	魏都区	5030
5043	源汇区	5040
5044	郾城区	5040
5045	召陵区	5040
5056	湖滨区	5050
5061	梁园区	5060
5063	睢阳区	5060
5081	川汇区	5080
5111	驿城区	5110
5131	宛城区	5130
5136	卧龙区	5130
5151	浉河区	5150
5162	平桥区	5150
5211	江岸区	5210
5212	江汉区	5210
5213	硚口区	5210
5214	汉阳区	5210
5215	武昌区	5210
5216	青山区	5210
5217	洪山区	5210
5218	东西湖区	5210
5219	汉南区	5210
5391	蔡甸区	5210
5392	江夏区	5210
5393	黄陂区	5210
5394	新洲区	5210
5223	黄石港区	5220
5224	西塞山区	5220
5225	下陆区	5220
5226	铁山区	5220
5237	茅箭区	5230
5238	张湾区	5230
5421	西陵区	5250
5422	伍家岗区	5250
5423	点军区	5250
5424	猇亭区	5250
5425	夷陵区	5250
5273	曾都区	5270
5281	襄城区	5280
5286	襄州区	5280
5289	樊城区	5280
5312	梁子湖区	5310
5313	华容区	5310
5314	鄂城区	5310
5324	东宝区	5320
5325	掇刀区	5320
5341	黄州区	5330
5354	孝南区	5350
5361	咸安区	5360
5381	沙市区	5370
5382	荆州区	5370
5515	芙蓉区	5510
5516	天心区	5510
5517	开福区	5510
5518	雨花区	5510
5519	望城区	5510
5526	荷塘区	5520
5527	芦淞区	5520
5528	石峰区	5520
5529	天元区	5520
5534	雨湖区	5530
5535	岳塘区	5530
5548	珠晖区	5540
5549	雁峰区	5540
5711	石鼓区	5540
5712	蒸湘区	5540
5713	南岳区	5540
5561	双清区	5550
5562	大祥区	5550
5563	北塔区	5550
5577	岳阳楼区	5570
5578	云溪区	5570
5579	君山区	5570
5588	武陵区	5580
5589	鼎城区	5580
5593	永定区	5590
5594	武陵源区	5590
5617	资阳区	5610
5618	赫山区	5610
5621	娄星区	5620
5631	北湖区	5630
5633	苏仙区	5630
5663	零陵区	5650
5664	冷水滩区	5650
5671	鹤城区	5670
5811	番禺区	5810
5814	荔湾区	5810
5815	越秀区	5810
5816	海珠区	5810
5817	天河区	5810
5818	白云区	5810
5819	黄埔区	5810
6071	花都区	5810
6072	南沙区	5810
5821	武江区	5820
5829	浈江区	5820
5831	曲江区	5820
5841	罗湖区	5840
5842	福田区	5840
5843	南山区	5840
5844	龙岗区	5840
5845	宝安区	5840
5846	盐田区	5840
5847	坪山新区	5840
5848	龙华区	5840
5849	坪山区	5840
5851	斗门区	5850
5852	香洲区（横琴新区）	5850
5853	金湾区	5850
5864	龙湖区	5860
5865	金平区	5860
5866	澄海区	5860
5867	濠江区	5860
5868	潮阳区	5860
5869	潮南区	5860
5884	禅城区	5880
5885	高明区	5880
5891	蓬江区	5890
5896	江海区	5890
5897	新会区	5890
5916	赤坎区	5910
5917	霞山区	5910
5918	坡头区	5910
5919	麻章区	5910
5925	茂南区	5920
5937	端州区	5930
5938	鼎湖区	5930
5955	惠城区	5950
5956	惠阳区	5950
5968	梅县区	5960
5974	城  区	5970
5986	源城区	5980
5994	江城区	5990
6018	清城区	6010
6043	湘桥区	6040
6055	榕城区	6050
6056	揭东区	6050
6065	云城区	6060
6111	兴宁区	6110
6113	江南区	6110
6114	西乡塘区	6110
6115	良庆区	6110
6116	邕宁区	6110
6117	青秀区	6110
6143	城中区	6140
6144	鱼峰区	6140
6145	柳南区	6140
6146	柳北区	6140
6173	叠彩区	6170
6174	象山区	6170
6175	七星区	6170
6176	雁山区	6170
6177	临桂区	6170
6212	万秀区	6210
6213	长洲区	6210
6214	龙圩区	6210
6232	海城区	6230
6233	银海区	6230
6234	铁山港区	6230
6241	玉州区	6240
6242	福绵区	6240
6261	右江区	6260
6281	金城江区	6280
6311	钦南区	6310
6312	钦北区	6310
6323	港口区	6320
6324	防城区	6320
6333	港北区	6330
6334	港南区	6330
6335	覃塘区	6330
6344	八步区	6340
6345	平桂区	6340
6356	兴宾区	6350
6367	江州区	6360
6411	秀英区	6410
6412	龙华区	6410
6413	琼山区	6410
6414	美兰区	6410
6422	吉阳区	6420
6451	天涯区	6420
6452	崖州区	6420
6513	青羊区	6510
6515	金牛区	6510
6524	锦江区	6510
6525	武侯区	6510
6526	成华区	6510
6527	龙泉驿区	6510
6528	青白江区	6510
6529	新都区	6510
6541	温江区	6510
6553	自流井区	6550
6554	贡井区	6550
6555	大安区	6550
6556	沿滩区	6550
6563	东  区	6560
6564	西  区	6560
6565	仁和区	6560
6576	江阳区	6570
6577	纳溪区	6570
6578	龙马潭区	6570
6586	旌阳区	6580
6598	涪城区	6590
6599	游仙区	6590
6615	利州区	6610
6616	昭化区	6610
6617	朝天区	6610
6624	安居区	6620
6625	船山区	6620
6631	市中区	6630
6632	东兴区	6630
6651	市中区	6650
6652	沙湾区	6650
6656	五通桥区	6650
6657	金口河区	6650
6676	东坡区	6670
6695	广安区	6690
6696	前锋区	6690
6711	翠屏区	6710
6731	顺庆区	6730
6732	高坪区	6730
6744	嘉陵区	6730
6751	通川区	6750
6771	雨城区	6770
6874	巴州区	6870
6875	恩阳区	6870
6884	雁江区	6880
7015	观山湖区	7010
7016	云岩区	7010
7017	南明区	7010
7018	花溪区	7010
7019	乌当区	7010
7081	白云区	7010
7023	钟山区	7020
7024	六枝特区	7020
7045	红花岗区	7030
7046	汇川区	7030
7123	西秀区	7110
7321	呈贡区	7310
7322	五华区	7310
7323	盘龙区	7310
7324	官渡区	7310
7325	西山区	7310
7353	昭阳区	7340
7372	麒麟区	7360
7411	红塔区	7410
987430	红河哈尼族彝族自治州	7430
7471	思茅区	7470
987470	普洱市	7470
987490	西双版纳傣族自治州	7490
7531	隆阳区	7530
987530	保山市	7530
987540	德宏傣族景颇族自治州	7540
7551	古城区	7550
7581	临翔区	7580
987580	临沧市	7580
7718	城关区	7710
7802	双湖县	7790
7911	新城区	7910
7913	碑林区	7910
7917	临潼区	7910
7918	莲湖区	7910
7919	灞桥区	7910
8081	未央区	7910
8082	雁塔区	7910
8083	阎良区	7910
8084	长安区	7910
7921	王益区	7920
7923	印台区	7920
7924	耀州区	7920
7931	渭滨区	7930
7942	金台区	7930
7943	陈仓区	7930
7963	秦都区	7950
7964	杨陵区	7950
7965	渭城区	7950
7971	临渭区	7970
7991	汉台区	7990
8011	汉滨区	8010
8031	商州区	8030
8041	宝塔区	8040
8061	榆阳区	8060
8214	七里河区	8210
8215	城关区	8210
8216	西固区	8210
8217	安宁区	8210
8218	红古区	8210
8232	金川区	8230
8244	白银区	8240
8245	平川区	8240
8256	秦州区	8250
8257	麦积区	8250
8262	肃州区	8260
8271	甘州区	8270
8281	凉州区	8280
8291	安定区	8290
8311	武都区	8310
8331	崆峒区	8330
8349	西峰区	8340
8514	城东区	8510
8515	城中区	8510
8516	城西区	8510
8517	城北区	8510
8714	兴庆区	8710
8715	西夏区	8710
8716	金凤区	8710
8722	大武口区	8720
8723	惠农区	8720
8731	利通区	8730
8733	红寺堡区	8730
8741	原州区	8740
8753	沙坡头区	8750
8812	米东区	8810
8813	天山区	8810
8814	沙依巴克区	8810
8815	新市区	8810
8816	水磨沟区	8810
8817	头屯河区	8810
8818	达坂城区	8810
8821	独山子区	8820
8822	克拉玛依区	8820
8823	白碱滩区	8820
8824	乌尔禾区	8820
8874	阿拉山口市	8870
8890	铁门关市（自治区直辖）	8800
8983	霍尔果斯市	8980
9044	北屯市（自治区直辖）	8800
9045	双河市（自治区直辖）	8800
9046	可克达拉市(自治区直辖)	8800
9047	昆玉市(自治区直辖)	8800
1127	滨海新区	1100
110016	蓟县	1100
2216	和平区	2210
7442	金平苗族瑶族傣族自治县	7430
7443	绿春县	7430
7444	河口瑶族自治县	7430
7477	江城哈尼族彝族自治县	7470
7478	孟连傣族拉祜族佤族自治县	7470
7479	澜沧拉祜族自治县	7470
7481	西盟佤族自治县	7470
7533	腾冲县	7530
7534	龙陵县	7530
7542	潞西市	7540
7544	盈江县	7540
7545	陇川县	7540
7546	瑞丽市	7540
7585	镇康县	7580
7587	耿马傣族佤族自治县	7580
7588	沧源佤族自治县	7580
7490	西双版纳傣族自治州	7300
2418	朝阳区	2410
